{"mean": [50.10874250756351, 49.807928279576316, 50.220350687388624, 50.33355494640509, 49.64572825786725, 49.84116239029312, 49.75816029442601, 49.96820706876801, 50.293878752096646, 49.97155673451064, 50.1860020519433, 49.910610933514775, 50.49988378298667, 55.052511787352174, 50.006390020199106, 45.120239193577575, 50.18570246667866], "components": [[0.6441393781619644, -0.09691250008480323, -0.006709889670215753, -0.011045395610331108, 0.047619810505477686, -0.059507166081700494, -0.053319634350011164, 0.2580498114725055, 0.18374569221536513, 0.3632525609998237, 0.23158270477019474, -0.003547212261578226, -0.01951601131643231, 0.24050587303211532, -0.06435481138797255, 0.03651046314556435, 0.46607663317990805], [0.09085566986200622, 0.6775002494403586, -0.104029990462149, -0.0034489315120799077, -0.11758742535632553, 0.3279126288236997, 0.3934500574752484, 0.026068048691998746, 0.02747613341763698, 0.03157076814128028, 0.2516591110510216, -0.050352104348282856, -0.002389108830924447, -0.135087643248487, 0.2858214427092786, -0.2700696897414365, 0.06755243932954956], [0.020631914598345943, -0.02343380701980321, 0.06045176107381889, 0.7941130874456881, -0.13582629977806865, 0.014126884454160934, -0.002682352240123833, 0.028551796820093896, 0.000786450548680339, 0.005885083990887955, 0.011288236687206745, 0.02628572699881995, 0.5850643446073772, 0.003079477592473646, 0.03631839570794725, 0.028291125783306354, 0.0012713774965238153]]}